2013100000,时安,农业与农村发展学院
2013100001,毕乐怡,数学学院
2013100002,章卫,数学学院
2013100003,贺德辉,马克思主义学院
2013100004,孙俊杰,文学院
2013100005,黄韦涛,信息资源管理学院
2013100006,孔伟,农业与农村发展学院
2013100007,柳德辉,劳动人事学院
2013100008,钱卫,哲学院
2013100009,金安,农业与农村发展学院
2013100010,袁月,新闻学院
2013100011,柳方旭,艺术学院
2013100012,任晓露,马克思主义学院
2013100013,尹月,统计学院
2013100014,傅月,新闻学院
2013100015,严锋,商学院
2013100016,戚卫,马克思主义学院
2013100017,谢志远,艺术学院
2013100018,柳志远,统计学院
2013100019,云伟,哲学院
2013100020,时晓露,外国语学院
2013100021,俞成,统计学院
2013100022,韦德辉,商学院
2013100023,郑瑜,信息学院
2013100024,何俊杰,新闻学院
2013100025,薛天,法学院
2013100026,韦谨慧,环境学院
2013100027,朱晓露,法学院
2013100028,卫德辉,哲学院
2013100029,俞德辉,法学院
2013100030,秦方旭,劳动人事学院
2013100031,柳天,农业与农村发展学院
2013100032,史方旭,信息资源管理学院
2013100033,沈韦涛,农业与农村发展学院
2013100034,窦安,外国语学院
2013100035,葛晓露,信息资源管理学院
2013100036,钱晓露,环境学院
2013100037,史锋,劳动人事学院
2013100038,杨凯,商学院
2013100039,康泓然,统计学院
2013100040,褚伟,马克思主义学院
2013100041,施凯,社会与人口学院
2013100042,时凯,经济学院
2013100043,褚志远,统计学院
2013100044,范凯,劳动人事学院
2013100045,魏韦涛,统计学院
2013100046,方乐怡,环境学院
2013100047,奚安,数学学院
2013100048,罗谨慧,环境学院
2013100049,窦道然,艺术学院
2013100050,冯俊杰,统计学院
2013100051,严韦涛,农业与农村发展学院
2013100052,陈道然,信息学院
2013100053,王俊杰,经济学院
2013100054,康安,农业与农村发展学院
2013100055,许谨慧,环境学院
2013100056,沈凯,统计学院
2013100057,钱德辉,环境学院
2013100058,姜天,数学学院
2013100059,蒋俊杰,财政金融学院
2013100060,乐月,国际关系学院
2013100061,孙伟,公共管理学院
2013100062,傅安,公共管理学院
2013100063,严伟,法学院
2013100064,乐瑜,公共管理学院
2013100065,毕凯,公共管理学院
2013100066,柳乐怡,法学院
2013100067,任莉,哲学院
2013100068,谢谨慧,劳动人事学院
2013100069,冯晓露,法学院
2013100070,韦乐怡,农业与农村发展学院
2013100071,杨瑜,新闻学院
2013100072,杨卫,社会与人口学院
2013100073,戚道然,信息资源管理学院
2013100074,赵安,统计学院
2013100075,沈方旭,新闻学院
2013100076,齐月,新闻学院
2013100077,苏瑜,马克思主义学院
2013100078,彭志远,哲学院
2013100079,陶锋,商学院
2013100080,曹晓露,财政金融学院
2013100081,云谨慧,环境学院
2013100082,袁泓然,国际关系学院
2013100083,邹凯,农业与农村发展学院
2013100084,陶卫,环境学院
2013100085,柏安,统计学院
2013100086,吴成,新闻学院
2013100087,任卫,新闻学院
2013100088,罗道然,文学院
2013100089,马道然,国际关系学院
2013100090,杨卫,社会与人口学院
2013100091,何方旭,国际关系学院
2013100092,金谨慧,统计学院
2013100093,唐安,农业与农村发展学院
2013100094,陶谨慧,外国语学院
2013100095,姜德辉,国际关系学院
2013100096,谢伟,财政金融学院
2013100097,施月,外国语学院
2013100098,史天,经济学院
2013100099,秦安,经济学院
2013100100,马道然,国际关系学院
2013100101,唐伟,哲学院
2013100102,史伟,商学院
2013100103,蒋莉,统计学院
2013100104,姜志远,公共管理学院
2013100105,姜志远,数学学院
2013100106,于韦涛,马克思主义学院
2013100107,秦俊杰,环境学院
2013100108,郎晓露,信息学院
2013100109,褚泓然,艺术学院
2013100110,华瑜,财政金融学院
2013100111,窦俊杰,马克思主义学院
2013100112,时天,哲学院
2013100113,彭锋,商学院
2013100114,时德辉,商学院
2013100115,史韦涛,经济学院
2013100116,柳伟,环境学院
2013100117,沈晓露,信息资源管理学院
2013100118,郑泓然,新闻学院
2013100119,蒋韦涛,财政金融学院
2013100120,喻安,商学院
2013100121,韩谨慧,马克思主义学院
2013100122,康晓露,哲学院
2013100123,秦锋,财政金融学院
2013100124,罗道然,经济学院
2013100125,齐莉,信息资源管理学院
2013100126,傅谨慧,法学院
2013100127,时成,商学院
2013100128,钱凯,文学院
2013100129,鲁俊杰,哲学院
2013100130,马伟,马克思主义学院
2013100131,柳方旭,新闻学院
2013100132,潘天,国际关系学院
2013100133,唐伟,环境学院
2013100134,孙瑜,财政金融学院
2013100135,潘成,社会与人口学院
2013100136,邹天,农业与农村发展学院
2013100137,施志远,社会与人口学院
2013100138,任安,法学院
2013100139,蒋安,法学院
2013100140,曹泓然,环境学院
2013100141,冯卫,国际关系学院
2013100142,马瑜,哲学院
2013100143,吕晓露,农业与农村发展学院
2013100144,孔锋,新闻学院
2013100145,傅泓然,新闻学院
2013100146,朱凯,国际关系学院
2013100147,奚凯,信息资源管理学院
2013100148,毕伟,信息学院
2013100149,邹莉,统计学院
2013100150,章安,经济学院
2013100151,孔安,国际关系学院
2013100152,钱韦涛,信息资源管理学院
2013100153,沈谨慧,文学院
2013100154,钱伟,社会与人口学院
2013100155,陈泓然,艺术学院
2013100156,张瑜,统计学院
2013100157,何卫,国际关系学院
2013100158,尤成,统计学院
2013100159,何瑜,马克思主义学院
2013100160,王锋,国际关系学院
2013100161,邹晓露,社会与人口学院
2013100162,任凯,农业与农村发展学院
2013100163,郎晓露,外国语学院
2013100164,许莉,经济学院
2013100165,鲁泓然,劳动人事学院
2013100166,冯乐怡,马克思主义学院
2013100167,潘天,文学院
2013100168,傅乐怡,哲学院
2013100169,喻韦涛,公共管理学院
2013100170,褚锋,信息资源管理学院
2013100171,柳成,外国语学院
2013100172,尤俊杰,马克思主义学院
2013100173,水乐怡,数学学院
2013100174,贺安,商学院
2013100175,蒋安,财政金融学院
2013100176,唐瑜,国际关系学院
2013100177,朱月,外国语学院
2013100178,罗乐怡,农业与农村发展学院
2013100179,杨安,外国语学院
2013100180,柳方旭,公共管理学院
2013100181,葛晓露,文学院
2013100182,史道然,马克思主义学院
2013100183,戚安,环境学院
2013100184,乐卫,农业与农村发展学院
2013100185,郑莉,社会与人口学院
2013100186,褚安,劳动人事学院
2013100187,韩晓露,社会与人口学院
2013100188,周韦涛,马克思主义学院
2013100189,鲁方旭,经济学院
2013100190,曹俊杰,公共管理学院
2013100191,贺志远,法学院
2013100192,褚安,社会与人口学院
2013100193,俞凯,马克思主义学院
2013100194,韦方旭,艺术学院
2013100195,钱莉,商学院
2013100196,周志远,法学院
2013100197,朱成,新闻学院
2013100198,严韦涛,艺术学院
2013100199,褚乐怡,财政金融学院
2015100000,喻志远,法学院
2015100001,郑莉,文学院
2015100002,郑瑜,商学院
2015100003,华瑜,信息学院
2015100004,陈俊杰,信息资源管理学院
2015100005,乐谨慧,外国语学院
2015100006,乐泓然,统计学院
2015100007,韦锋,新闻学院
2015100008,金月,新闻学院
2015100009,俞道然,商学院
2015100010,吴泓然,信息学院
2015100011,柳伟,马克思主义学院
2015100012,陶德辉,马克思主义学院
2015100013,袁德辉,农业与农村发展学院
2015100014,秦俊杰,新闻学院
2015100015,袁谨慧,公共管理学院
2015100016,薛莉,商学院
2015100017,邹谨慧,商学院
2015100018,窦伟,法学院
2015100019,郑莉,统计学院
2015100020,许锋,国际关系学院
2015100021,郑志远,数学学院
2015100022,任天,马克思主义学院
2015100023,任瑜,外国语学院
2015100024,齐成,劳动人事学院
2015100025,于瑜,马克思主义学院
2015100026,水天,国际关系学院
2015100027,袁凯,数学学院
2015100028,施德辉,劳动人事学院
2015100029,郑韦涛,艺术学院
2015100030,时乐怡,环境学院
2015100031,罗志远,财政金融学院
2015100032,冯瑜,文学院
2015100033,云俊杰,艺术学院
2015100034,鲁韦涛,信息资源管理学院
2015100035,王谨慧,艺术学院
2015100036,施锋,新闻学院
2015100037,施韦涛,马克思主义学院
2015100038,褚天,马克思主义学院
2015100039,袁卫,劳动人事学院
2015100040,杨莉,马克思主义学院
2015100041,吕瑜,法学院
2015100042,方谨慧,统计学院
2015100043,任志远,数学学院
2015100044,冯卫,环境学院
2015100045,郑瑜,马克思主义学院
2015100046,齐方旭,环境学院
2015100047,傅晓露,经济学院
2015100048,乐凯,马克思主义学院
2015100049,鲁谨慧,新闻学院
2015100050,魏月,信息学院
2015100051,华月,财政金融学院
2015100052,范安,统计学院
2015100053,吴俊杰,环境学院
2015100054,赵卫,国际关系学院
2015100055,潘瑜,文学院
2015100056,杨天,外国语学院
2015100057,康成,数学学院
2015100058,马月,劳动人事学院
2015100059,何德辉,艺术学院
2015100060,孔德辉,新闻学院
2015100061,吴莉,数学学院
2015100062,钱方旭,马克思主义学院
2015100063,施道然,法学院
2015100064,苏卫,哲学院
2015100065,傅晓露,劳动人事学院
2015100066,谢泓然,法学院
2015100067,齐道然,法学院
2015100068,薛泓然,文学院
2015100069,许晓露,外国语学院
2015100070,谢卫,文学院
2015100071,苏卫,统计学院
2015100072,任志远,法学院
2015100073,薛瑜,统计学院
2015100074,窦德辉,国际关系学院
2015100075,潘卫,环境学院
2015100076,柳俊杰,财政金融学院
2015100077,韦锋,财政金融学院
2015100078,孙莉,劳动人事学院
2015100079,马道然,文学院
2015100080,孙伟,农业与农村发展学院
2015100081,曹凯,信息学院
2015100082,郎凯,外国语学院
2015100083,何乐怡,外国语学院
2015100084,曹泓然,文学院
2015100085,窦志远,马克思主义学院
2015100086,戚天,农业与农村发展学院
2015100087,齐德辉,外国语学院
2015100088,薛志远,环境学院
2015100089,杨韦涛,财政金融学院
2015100090,时天,哲学院
2015100091,顾泓然,公共管理学院
2015100092,齐月,社会与人口学院
2015100093,潘凯,马克思主义学院
2015100094,章天,信息资源管理学院
2015100095,邹安,统计学院
2015100096,吴谨慧,财政金融学院
2015100097,孔俊杰,社会与人口学院
2015100098,苏凯,马克思主义学院
2015100099,施凯,劳动人事学院
2015100100,周成,哲学院
2015100101,任瑜,农业与农村发展学院
2015100102,苏伟,经济学院
2015100103,金瑜,哲学院
2015100104,华卫,环境学院
2015100105,卫晓露,商学院
2015100106,沈月,外国语学院
2015100107,金方旭,艺术学院
2015100108,许卫,环境学院
2015100109,鲁道然,马克思主义学院
2015100110,尤泓然,环境学院
2015100111,尹锋,统计学院
2015100112,蒋安,外国语学院
2015100113,水安,公共管理学院
2015100114,许德辉,商学院
2015100115,云俊杰,统计学院
2015100116,张方旭,统计学院
2015100117,冯安,信息资源管理学院
2015100118,韩方旭,社会与人口学院
2015100119,任谨慧,文学院
2015100120,马安,经济学院
2015100121,奚卫,艺术学院
2015100122,杨月,社会与人口学院
2015100123,郎伟,统计学院
2015100124,金卫,财政金融学院
2015100125,孔俊杰,外国语学院
2015100126,冯乐怡,法学院
2015100127,姜瑜,新闻学院
2015100128,柏泓然,商学院
2015100129,袁晓露,数学学院
2015100130,冯晓露,艺术学院
2015100131,邹月,环境学院
2015100132,金天,统计学院
2015100133,魏安,数学学院
2015100134,齐伟,外国语学院
2015100135,彭月,环境学院
2015100136,喻志远,公共管理学院
2015100137,谢方旭,农业与农村发展学院
2015100138,曹凯,国际关系学院
2015100139,吴月,农业与农村发展学院
2015100140,严德辉,财政金融学院
2015100141,尤晓露,外国语学院
2015100142,华志远,环境学院
2015100143,钱德辉,马克思主义学院
2015100144,彭德辉,信息学院
2015100145,贺莉,法学院
2015100146,康凯,信息学院
2015100147,钱道然,外国语学院
2015100148,于卫,数学学院
2015100149,奚晓露,艺术学院
2015100150,邹道然,商学院
2015100151,蒋凯,信息资源管理学院
2015100152,时成,环境学院
2015100153,邹晓露,统计学院
2015100154,尹谨慧,艺术学院
2015100155,蒋韦涛,信息学院
2015100156,郎俊杰,商学院
2015100157,毕道然,外国语学院
2015100158,水锋,统计学院
2015100159,魏志远,社会与人口学院
2015100160,郑乐怡,外国语学院
2015100161,马天,劳动人事学院
2015100162,乐莉,环境学院
2015100163,窦志远,马克思主义学院
2015100164,喻道然,马克思主义学院
2015100165,贺凯,社会与人口学院
2015100166,施安,文学院
2015100167,韩安,农业与农村发展学院
2015100168,罗卫,农业与农村发展学院
2015100169,周莉,公共管理学院
2015100170,卫泓然,艺术学院
2015100171,卫锋,外国语学院
2015100172,韩瑜,统计学院
2015100173,张谨慧,统计学院
2015100174,齐瑜,社会与人口学院
2015100175,孔伟,农业与农村发展学院
2015100176,章俊杰,哲学院
2015100177,华凯,财政金融学院
2015100178,沈锋,马克思主义学院
2015100179,黄晓露,劳动人事学院
2015100180,褚月,国际关系学院
2015100181,苏志远,哲学院
2015100182,贺晓露,哲学院
2015100183,水天,新闻学院
2015100184,葛月,环境学院
2015100185,鲁谨慧,信息学院
2015100186,尹天,统计学院
2015100187,薛凯,国际关系学院
2015100188,邹俊杰,艺术学院
2015100189,韦卫,财政金融学院
2015100190,韩俊杰,经济学院
2015100191,李俊杰,新闻学院
2015100192,何德辉,环境学院
2015100193,任卫,经济学院
2015100194,潘成,财政金融学院
2015100195,钱道然,信息资源管理学院
2015100196,鲁伟,马克思主义学院
2015100197,袁莉,国际关系学院
2015100198,俞方旭,马克思主义学院
2015100199,黄晓露,外国语学院
2016100000,黄乐怡,统计学院
2016100001,许伟,统计学院
2016100002,时卫,信息学院
2016100003,时晓露,马克思主义学院
2016100004,尹谨慧,劳动人事学院
2016100005,钱天,公共管理学院
2016100006,褚志远,劳动人事学院
2016100007,魏德辉,经济学院
2016100008,朱伟,信息资源管理学院
2016100009,柳瑜,农业与农村发展学院
2016100010,尤成,信息资源管理学院
2016100011,章安,艺术学院
2016100012,于莉,艺术学院
2016100013,史天,统计学院
2016100014,许月,财政金融学院
2016100015,谢卫,数学学院
2016100016,李乐怡,文学院
2016100017,陶瑜,数学学院
2016100018,曹志远,哲学院
2016100019,贺莉,新闻学院
2016100020,乐瑜,信息资源管理学院
2016100021,魏韦涛,新闻学院
2016100022,尤瑜,国际关系学院
2016100023,李俊杰,公共管理学院
2016100024,吕谨慧,国际关系学院
2016100025,张乐怡,外国语学院
2016100026,任晓露,财政金融学院
2016100027,范凯,统计学院
2016100028,贺谨慧,马克思主义学院
2016100029,柳谨慧,财政金融学院
2016100030,华方旭,艺术学院
2016100031,沈锋,国际关系学院
2016100032,马泓然,商学院
2016100033,章天,商学院
2016100034,华锋,法学院
2016100035,华凯,公共管理学院
2016100036,葛泓然,文学院
2016100037,韩锋,环境学院
2016100038,严伟,哲学院
2016100039,施道然,经济学院
2016100040,朱韦涛,社会与人口学院
2016100041,罗道然,马克思主义学院
2016100042,苏乐怡,文学院
2016100043,金方旭,社会与人口学院
2016100044,郑韦涛,经济学院
2016100045,鲁乐怡,社会与人口学院
2016100046,冯瑜,国际关系学院
2016100047,韦泓然,财政金融学院
2016100048,云瑜,财政金融学院
2016100049,水乐怡,经济学院
2016100050,喻谨慧,劳动人事学院
2016100051,黄晓露,劳动人事学院
2016100052,苏月,国际关系学院
2016100053,曹方旭,统计学院
2016100054,卫俊杰,外国语学院
2016100055,金月,文学院
2016100056,薛泓然,数学学院
2016100057,王安,新闻学院
2016100058,赵凯,马克思主义学院
2016100059,曹伟,统计学院
2016100060,水锋,社会与人口学院
2016100061,魏志远,农业与农村发展学院
2016100062,何道然,信息学院
2016100063,卫瑜,农业与农村发展学院
2016100064,尹乐怡,商学院
2016100065,史安,法学院
2016100066,贺卫,数学学院
2016100067,蒋卫,财政金融学院
2016100068,奚莉,新闻学院
2016100069,黄卫,统计学院
2016100070,韦谨慧,艺术学院
2016100071,毕锋,马克思主义学院
2016100072,尹晓露,公共管理学院
2016100073,吕俊杰,信息学院
2016100074,周俊杰,公共管理学院
2016100075,沈成,信息学院
2016100076,鲁晓露,农业与农村发展学院
2016100077,康方旭,劳动人事学院
2016100078,康天,信息学院
2016100079,许谨慧,数学学院
2016100080,葛锋,法学院
2016100081,沈德辉,文学院
2016100082,韩凯,环境学院
2016100083,康瑜,马克思主义学院
2016100084,黄瑜,文学院
2016100085,余锋,艺术学院
2016100086,章天,马克思主义学院
2016100087,施安,农业与农村发展学院
2016100088,秦卫,国际关系学院
2016100089,吕晓露,艺术学院
2016100090,朱俊杰,信息资源管理学院
2016100091,韩成,数学学院
2016100092,罗晓露,外国语学院
2016100093,曹道然,经济学院
2016100094,杨德辉,环境学院
2016100095,鲁瑜,农业与农村发展学院
2016100096,乐锋,商学院
2016100097,魏方旭,统计学院
2016100098,章俊杰,新闻学院
2016100099,马凯,信息资源管理学院
2016100100,秦锋,信息资源管理学院
2016100101,孙方旭,马克思主义学院
2016100102,时俊杰,农业与农村发展学院
2016100103,云德辉,环境学院
2016100104,吴天,法学院
2016100105,于瑜,劳动人事学院
2016100106,唐乐怡,经济学院
2016100107,孙莉,经济学院
2016100108,周泓然,统计学院
2016100109,郑天,新闻学院
2016100110,罗成,农业与农村发展学院
2016100111,谢瑜,农业与农村发展学院
2016100112,方晓露,数学学院
2016100113,吴锋,社会与人口学院
2016100114,潘瑜,数学学院
2016100115,齐德辉,社会与人口学院
2016100116,齐方旭,艺术学院
2016100117,郎泓然,艺术学院
2016100118,姜安,信息资源管理学院
2016100119,陈泓然,外国语学院
2016100120,沈卫,文学院
2016100121,潘安,劳动人事学院
2016100122,史成,公共管理学院
2016100123,潘韦涛,社会与人口学院
2016100124,喻月,农业与农村发展学院
2016100125,齐伟,商学院
2016100126,罗锋,社会与人口学院
2016100127,金韦涛,艺术学院
2016100128,沈瑜,信息学院
2016100129,窦韦涛,信息学院
2016100130,孔德辉,马克思主义学院
2016100131,杨安,商学院
2016100132,许月,数学学院
2016100133,邹瑜,外国语学院
2016100134,于锋,财政金融学院
2016100135,傅伟,国际关系学院
2016100136,华月,文学院
2016100137,吴安,劳动人事学院
2016100138,曹成,信息资源管理学院
2016100139,康莉,艺术学院
2016100140,华安,艺术学院
2016100141,喻泓然,信息资源管理学院
2016100142,孙天,文学院
2016100143,潘泓然,新闻学院
2016100144,孔俊杰,文学院
2016100145,陶晓露,经济学院
2016100146,郑莉,马克思主义学院
2016100147,康韦涛,统计学院
2016100148,杨卫,新闻学院
2016100149,傅泓然,农业与农村发展学院
2016100150,喻天,农业与农村发展学院
2016100151,窦方旭,数学学院
2016100152,方月,国际关系学院
2016100153,韩晓露,商学院
2016100154,章月,统计学院
2016100155,黄志远,信息学院
2016100156,于凯,法学院
2016100157,唐成,数学学院
2016100158,马瑜,信息资源管理学院
2016100159,孔俊杰,农业与农村发展学院
2016100160,施乐怡,商学院
2016100161,何成,环境学院
2016100162,窦志远,艺术学院
2016100163,潘月,国际关系学院
2016100164,傅凯,国际关系学院
2016100165,吴韦涛,信息学院
2016100166,郑韦涛,信息学院
2016100167,章韦涛,劳动人事学院
2016100168,鲁卫,马克思主义学院
2016100169,毕月,统计学院
2016100170,奚成,农业与农村发展学院
2016100171,韦方旭,外国语学院
2016100172,李韦涛,新闻学院
2016100173,薛方旭,经济学院
2016100174,张泓然,经济学院
2016100175,水月,财政金融学院
2016100176,华凯,信息学院
2016100177,鲁月,财政金融学院
2016100178,俞天,哲学院
2016100179,彭锋,经济学院
2016100180,奚凯,劳动人事学院
2016100181,李安,统计学院
2016100182,卫韦涛,统计学院
2016100183,华瑜,信息学院
2016100184,吕凯,财政金融学院
2016100185,鲁莉,商学院
2016100186,何德辉,公共管理学院
2016100187,尤谨慧,外国语学院
2016100188,薛韦涛,法学院
2016100189,魏锋,公共管理学院
2016100190,卫卫,劳动人事学院
2016100191,孙月,哲学院
2016100192,孔道然,新闻学院
2016100193,于瑜,新闻学院
2016100194,谢莉,社会与人口学院
2016100195,华锋,社会与人口学院
2016100196,卫凯,信息学院
2016100197,葛月,统计学院
2016100198,周卫,公共管理学院
2016100199,谢锋,财政金融学院
2017100000,俞莉,信息学院
2017100001,姜锋,文学院
2017100002,马俊杰,环境学院
2017100003,邹德辉,信息学院
2017100004,施德辉,信息资源管理学院
2017100005,严晓露,法学院
2017100006,苏成,劳动人事学院
2017100007,余天,商学院
2017100008,喻莉,农业与农村发展学院
2017100009,陈方旭,经济学院
2017100010,严成,文学院
2017100011,方道然,国际关系学院
2017100012,陈卫,法学院
2017100013,何志远,艺术学院
2017100014,乐月,文学院
2017100015,韦泓然,农业与农村发展学院
2017100016,尤俊杰,信息资源管理学院
2017100017,钱伟,国际关系学院
2017100018,戚卫,法学院
2017100019,张乐怡,新闻学院
2017100020,贺志远,商学院
2017100021,冯韦涛,社会与人口学院
2017100022,吕韦涛,马克思主义学院
2017100023,方锋,新闻学院
2017100024,俞瑜,法学院
2017100025,施锋,商学院
2017100026,钱月,国际关系学院
2017100027,薛成,国际关系学院
2017100028,曹方旭,信息资源管理学院
2017100029,黄乐怡,数学学院
2017100030,康安,法学院
2017100031,傅锋,外国语学院
2017100032,云乐怡,财政金融学院
2017100033,毕锋,公共管理学院
2017100034,褚莉,数学学院
2017100035,章乐怡,统计学院
2017100036,康伟,商学院
2017100037,俞泓然,社会与人口学院
2017100038,谢俊杰,财政金融学院
2017100039,郑德辉,法学院
2017100040,鲁道然,经济学院
2017100041,何卫,马克思主义学院
2017100042,韦俊杰,统计学院
2017100043,孙莉,环境学院
2017100044,黄卫,外国语学院
2017100045,毕安,统计学院
2017100046,毕凯,数学学院
2017100047,史志远,商学院
2017100048,严天,农业与农村发展学院
2017100049,钱凯,信息学院
2017100050,贺俊杰,外国语学院
2017100051,喻伟,哲学院
2017100052,齐俊杰,马克思主义学院
2017100053,杨安,艺术学院
2017100054,曹谨慧,环境学院
2017100055,许成,农业与农村发展学院
2017100056,傅德辉,农业与农村发展学院
2017100057,潘道然,文学院
2017100058,吕道然,信息资源管理学院
2017100059,赵卫,社会与人口学院
2017100060,余伟,外国语学院
2017100061,康俊杰,环境学院
2017100062,钱月,公共管理学院
2017100063,韩韦涛,信息学院
2017100064,华乐怡,国际关系学院
2017100065,周韦涛,数学学院
2017100066,乐方旭,农业与农村发展学院
2017100067,韦凯,艺术学院
2017100068,喻成,艺术学院
2017100069,冯凯,信息资源管理学院
2017100070,张俊杰,信息学院
2017100071,许莉,哲学院
2017100072,齐德辉,社会与人口学院
2017100073,王志远,信息资源管理学院
2017100074,苏晓露,商学院
2017100075,方卫,法学院
2017100076,余卫,环境学院
2017100077,韩俊杰,农业与农村发展学院
2017100078,钱凯,环境学院
2017100079,陈俊杰,社会与人口学院
2017100080,乐莉,哲学院
2017100081,窦成,财政金融学院
2017100082,水伟,财政金融学院
2017100083,王安,哲学院
2017100084,赵谨慧,外国语学院
2017100085,何韦涛,外国语学院
2017100086,尹谨慧,外国语学院
2017100087,葛俊杰,劳动人事学院
2017100088,张月,数学学院
2017100089,薛莉,社会与人口学院
2017100090,乐瑜,农业与农村发展学院
2017100091,方锋,艺术学院
2017100092,许泓然,信息学院
2017100093,吴谨慧,新闻学院
2017100094,杨谨慧,艺术学院
2017100095,赵谨慧,劳动人事学院
2017100096,吕月,马克思主义学院
2017100097,郑莉,信息资源管理学院
2017100098,蒋韦涛,数学学院
2017100099,陶谨慧,劳动人事学院
2017100100,任成,法学院
2017100101,毕德辉,财政金融学院
2017100102,喻安,环境学院
2017100103,康德辉,文学院
2017100104,褚伟,文学院
2017100105,卫晓露,劳动人事学院
2017100106,钱道然,外国语学院
2017100107,韩凯,法学院
2017100108,贺德辉,信息学院
2017100109,施瑜,农业与农村发展学院
2017100110,孔乐怡,艺术学院
2017100111,邹成,统计学院
2017100112,顾天,劳动人事学院
2017100113,李道然,财政金融学院
2017100114,袁泓然,新闻学院
2017100115,余谨慧,外国语学院
2017100116,周锋,经济学院
2017100117,郎韦涛,环境学院
2017100118,郑乐怡,新闻学院
2017100119,唐伟,国际关系学院
2017100120,柳俊杰,新闻学院
2017100121,于俊杰,社会与人口学院
2017100122,奚方旭,文学院
2017100123,何凯,国际关系学院
2017100124,乐卫,经济学院
2017100125,尤俊杰,农业与农村发展学院
2017100126,吕谨慧,农业与农村发展学院
2017100127,杨方旭,哲学院
2017100128,郎韦涛,财政金融学院
2017100129,卫谨慧,法学院
2017100130,水伟,哲学院
2017100131,赵成,外国语学院
2017100132,秦卫,商学院
2017100133,华凯,公共管理学院
2017100134,周莉,哲学院
2017100135,黄凯,法学院
2017100136,柳德辉,艺术学院
2017100137,姜道然,环境学院
2017100138,贺韦涛,信息资源管理学院
2017100139,余俊杰,马克思主义学院
2017100140,曹俊杰,哲学院
2017100141,彭瑜,农业与农村发展学院
2017100142,邹成,哲学院
2017100143,毕莉,信息资源管理学院
2017100144,尹乐怡,财政金融学院
2017100145,彭卫,法学院
2017100146,吕成,国际关系学院
2017100147,唐晓露,公共管理学院
2017100148,王伟,信息资源管理学院
2017100149,戚伟,农业与农村发展学院
2017100150,朱卫,劳动人事学院
2017100151,张方旭,艺术学院
2017100152,时卫,法学院
2017100153,傅瑜,法学院
2017100154,柳俊杰,环境学院
2017100155,周晓露,艺术学院
2017100156,彭韦涛,文学院
2017100157,孙晓露,艺术学院
2017100158,李锋,财政金融学院
2017100159,葛乐怡,数学学院
2017100160,史天,艺术学院
2017100161,贺凯,文学院
2017100162,傅乐怡,农业与农村发展学院
2017100163,水志远,法学院
2017100164,孔凯,哲学院
2017100165,李凯,公共管理学院
2017100166,蒋德辉,艺术学院
2017100167,何安,劳动人事学院
2017100168,齐谨慧,信息学院
2017100169,金德辉,法学院
2017100170,范月,信息学院
2017100171,贺凯,财政金融学院
2017100172,云锋,统计学院
2017100173,吴月,劳动人事学院
2017100174,秦志远,信息学院
2017100175,朱莉,劳动人事学院
2017100176,魏方旭,经济学院
2017100177,鲁德辉,新闻学院
2017100178,华安,财政金融学院
2017100179,毕天,农业与农村发展学院
2017100180,郎方旭,哲学院
2017100181,吴安,农业与农村发展学院
2017100182,方成,文学院
2017100183,方道然,法学院
2017100184,严韦涛,数学学院
2017100185,章俊杰,商学院
2017100186,柳晓露,信息资源管理学院
2017100187,唐月,统计学院
2017100188,齐瑜,环境学院
2017100189,韩韦涛,国际关系学院
2017100190,鲁德辉,文学院
2017100191,罗晓露,社会与人口学院
2017100192,赵月,信息学院
2017100193,何瑜,经济学院
2017100194,姜谨慧,信息资源管理学院
2017100195,郎谨慧,外国语学院
2017100196,唐天,环境学院
2017100197,毕瑜,环境学院
2017100198,苏谨慧,信息学院
2017100199,吴德辉,公共管理学院
2019100000,孙晓露,公共管理学院
2019100001,唐韦涛,哲学院
2019100002,史锋,艺术学院
2019100003,俞志远,信息学院
2019100004,姜凯,国际关系学院
2019100005,余伟,信息学院
2019100006,方莉,财政金融学院
2019100007,沈月,环境学院
2019100008,任晓露,劳动人事学院
2019100009,赵谨慧,外国语学院
2019100010,孔俊杰,环境学院
2019100011,尤锋,新闻学院
2019100012,彭天,商学院
2019100013,韦莉,环境学院
2019100014,史月,文学院
2019100015,郎锋,社会与人口学院
2019100016,吕道然,劳动人事学院
2019100017,钱泓然,公共管理学院
2019100018,葛安,外国语学院
2019100019,周安,经济学院
2019100020,薛泓然,艺术学院
2019100021,韩德辉,文学院
2019100022,毕莉,艺术学院
2019100023,孙方旭,公共管理学院
2019100024,冯俊杰,艺术学院
2019100025,曹道然,新闻学院
2019100026,傅志远,文学院
2019100027,范德辉,财政金融学院
2019100028,俞谨慧,信息学院
2019100029,朱志远,环境学院
2019100030,罗凯,马克思主义学院
2019100031,唐锋,数学学院
2019100032,章伟,统计学院
2019100033,杨莉,文学院
2019100034,罗成,外国语学院
2019100035,赵道然,艺术学院
2019100036,尹谨慧,信息资源管理学院
2019100037,尤泓然,环境学院
2019100038,谢安,农业与农村发展学院
2019100039,卫莉,艺术学院
2019100040,邹成,信息资源管理学院
2019100041,王泓然,信息资源管理学院
2019100042,周乐怡,哲学院
2019100043,郎德辉,公共管理学院
2019100044,俞志远,法学院
2019100045,潘成,数学学院
2019100046,郎乐怡,数学学院
2019100047,邹志远,社会与人口学院
2019100048,潘谨慧,哲学院
2019100049,赵韦涛,公共管理学院
2019100050,水天,法学院
2019100051,陶凯,哲学院
2019100052,王莉,统计学院
2019100053,韦俊杰,环境学院
2019100054,潘德辉,财政金融学院
2019100055,沈月,哲学院
2019100056,彭道然,劳动人事学院
2019100057,时卫,艺术学院
2019100058,沈晓露,农业与农村发展学院
2019100059,于泓然,法学院
2019100060,秦道然,财政金融学院
2019100061,魏晓露,艺术学院
2019100062,任谨慧,信息学院
2019100063,赵瑜,农业与农村发展学院
2019100064,傅乐怡,商学院
2019100065,吕俊杰,数学学院
2019100066,韦卫,公共管理学院
2019100067,郑谨慧,财政金融学院
2019100068,袁韦涛,马克思主义学院
2019100069,赵乐怡,外国语学院
2019100070,华韦涛,商学院
2019100071,钱晓露,社会与人口学院
2019100072,曹乐怡,财政金融学院
2019100073,俞方旭,财政金融学院
2019100074,姜俊杰,经济学院
2019100075,俞瑜,信息资源管理学院
2019100076,杨天,农业与农村发展学院
2019100077,唐方旭,财政金融学院
2019100078,朱安,社会与人口学院
2019100079,蒋方旭,哲学院
2019100080,戚方旭,信息学院
2019100081,金成,哲学院
2019100082,李成,信息资源管理学院
2019100083,袁晓露,马克思主义学院
2019100084,赵安,法学院
2019100085,朱俊杰,信息学院
2019100086,尹月,农业与农村发展学院
2019100087,黄莉,信息学院
2019100088,魏伟,法学院
2019100089,潘乐怡,商学院
2019100090,奚晓露,环境学院
2019100091,吴晓露,法学院
2019100092,傅瑜,环境学院
2019100093,华晓露,法学院
2019100094,华安,统计学院
2019100095,方莉,艺术学院
2019100096,唐志远,外国语学院
2019100097,柏晓露,信息学院
2019100098,窦谨慧,农业与农村发展学院
2019100099,范月,信息学院
2019100100,郎方旭,数学学院
2019100101,施志远,马克思主义学院
2019100102,苏晓露,社会与人口学院
2019100103,唐韦涛,外国语学院
2019100104,何卫,财政金融学院
2019100105,朱瑜,国际关系学院
2019100106,冯月,环境学院
2019100107,韦俊杰,劳动人事学院
2019100108,钱莉,农业与农村发展学院
2019100109,任晓露,信息学院
2019100110,严泓然,信息资源管理学院
2019100111,沈伟,商学院
2019100112,时韦涛,数学学院
2019100113,俞志远,信息学院
2019100114,郑俊杰,社会与人口学院
2019100115,康俊杰,信息学院
2019100116,魏泓然,外国语学院
2019100117,尤泓然,商学院
2019100118,罗俊杰,劳动人事学院
2019100119,贺卫,农业与农村发展学院
2019100120,褚志远,社会与人口学院
2019100121,陶月,环境学院
2019100122,袁德辉,信息资源管理学院
2019100123,柳泓然,艺术学院
2019100124,贺方旭,统计学院
2019100125,许安,数学学院
2019100126,朱乐怡,信息资源管理学院
2019100127,时莉,国际关系学院
2019100128,郑成,哲学院
2019100129,奚卫,统计学院
2019100130,周晓露,法学院
2019100131,姜成,数学学院
2019100132,姜卫,外国语学院
2019100133,卫月,马克思主义学院
2019100134,方安,信息资源管理学院
2019100135,薛方旭,新闻学院
2019100136,孙德辉,哲学院
2019100137,尤方旭,农业与农村发展学院
2019100138,时凯,统计学院
2019100139,吕谨慧,财政金融学院
2019100140,严伟,信息学院
2019100141,韩凯,社会与人口学院
2019100142,章泓然,社会与人口学院
2019100143,金瑜,法学院
2019100144,孔乐怡,农业与农村发展学院
2019100145,秦晓露,马克思主义学院
2019100146,吴晓露,法学院
2019100147,姜道然,文学院
2019100148,郎凯,社会与人口学院
2019100149,孔韦涛,财政金融学院
2019100150,时天,商学院
2019100151,乐莉,财政金融学院
2019100152,于伟,经济学院
2019100153,吴谨慧,财政金融学院
2019100154,葛晓露,数学学院
2019100155,魏志远,新闻学院
2019100156,郎瑜,数学学院
2019100157,魏志远,公共管理学院
2019100158,孙道然,新闻学院
2019100159,唐月,环境学院
2019100160,苏道然,公共管理学院
2019100161,罗乐怡,财政金融学院
2019100162,蒋德辉,数学学院
2019100163,贺瑜,社会与人口学院
2019100164,戚瑜,数学学院
2019100165,章方旭,法学院
2019100166,云谨慧,环境学院
2019100167,柏月,外国语学院
2019100168,俞瑜,法学院
2019100169,许俊杰,农业与农村发展学院
2019100170,时德辉,哲学院
2019100171,许凯,信息学院
2019100172,戚晓露,农业与农村发展学院
2019100173,窦韦涛,统计学院
2019100174,吕莉,信息资源管理学院
2019100175,葛安,商学院
2019100176,尤凯,信息资源管理学院
2019100177,许志远,国际关系学院
2019100178,严韦涛,农业与农村发展学院
2019100179,曹方旭,信息学院
2019100180,毕天,统计学院
2019100181,傅乐怡,法学院
2019100182,任伟,哲学院
2019100183,任谨慧,数学学院
2019100184,葛志远,经济学院
2019100185,施俊杰,法学院
2019100186,潘锋,环境学院
2019100187,于德辉,哲学院
2019100188,袁俊杰,环境学院
2019100189,鲁莉,环境学院
2019100190,齐韦涛,劳动人事学院
2019100191,余韦涛,新闻学院
2019100192,冯伟,公共管理学院
2019100193,毕伟,文学院
2019100194,蒋天,环境学院
2019100195,唐道然,国际关系学院
2019100196,秦锋,农业与农村发展学院
2019100197,何德辉,劳动人事学院
2019100198,谢道然,艺术学院
2019100199,章卫,社会与人口学院
